mid_decile,spread_cents,n,avg_bid_size,avg_ask_size
0,1,573800,1079.0551913035902,2396.1529583304286
0,2,264032,2117.8421730320565,2090.625445476306
0,3,164676,2969.6583810634215,1895.7249734023173
0,4,53877,3585.2600709022404,2860.2245655845722
0,5,20375,2780.5133590184046,1783.4199440490797
0,6,15760,3638.3108305837563,820.0594873096446
0,7,12869,3319.5364667029294,2031.4634081902248
0,8,9836,4066.650285685238,2042.0915839772265
0,9,6613,4010.5986435808254,3491.402222894299
0,10,1383,4982.815104844541,3546.4461026753434
0,11,372,4266.655483870968,825.9369354838709
0,12,77,12026.955584415584,518.0515584415584
0,13,28,145.7107142857143,629.2346428571428
0,14,22,159.63636363636363,344.1818181818182
0,15,15,20.666666666666668,560.9333333333333
0,16,2,36.65,96.97
0,17,2,5000.0,4.5
1,1,124094,1636.1239030090094,1646.8433184521411
1,2,100006,1566.5315056096633,1708.8220603763773
1,3,64535,1711.7434296118386,2043.968068799876
1,4,35948,1721.0235907421832,2241.1471586736398
1,5,11952,1537.7179928045514,2264.793560910308
1,6,5836,1204.5469653872515,1494.3172755311857
1,7,4627,655.1782277933867,716.2721223254808
1,8,5544,1170.3506096681097,1130.0005573593073
1,9,3865,2005.5188589909442,1527.6419430789133
1,10,3811,2459.713684072422,520.748144843873
1,11,1561,2559.435733504164,2128.820589365791
1,12,800,930.2013250000001,444.96783750000003
1,13,185,1893.6147027027025,1945.9363243243242
1,14,72,1038.2780555555555,385.7655555555555
1,15,146,1833.9477397260273,98.97869863013699
1,16,157,2329.9689808917196,11.662420382165605
1,17,25,1059.8784,256.8888
1,18,28,479.7975,507.1671428571429
1,19,10,1178.1,60.92100000000001
1,20,660,69.54242424242425,18.96618181818182
1,21,19,2092.961052631579,1338.7584210526315
1,22,32,32.2040625,12.8796875
1,23,214,123.2481308411215,6.255981308411215
1,24,114,103.08368421052633,64.4811403508772
1,25,3,130.08666666666667,60.0
1,26,8,43.5,82.325
1,27,363,79.33666666666666,7.285509641873278
1,28,7,8.497142857142856,72.85714285714286
1,29,75,6685.52,59.93266666666666
1,30,4,95.5,508.4975
1,31,6,839.6666666666666,185.83333333333334
1,32,3,106.72000000000001,50.14333333333334
1,33,28,547.6778571428571,28.25
1,34,386,7303.886010362694,14.459119170984456
1,35,4,88.9325,213.25
1,36,39,277.8135897435897,42.256410256410255
1,37,200,260.255,10.62
2,1,59756,1753.4640419372115,1959.1304083271973
2,2,42202,1984.6618942230227,2168.6101632624045
2,3,27658,1838.5497747487166,2080.4429300744814
2,4,13454,1597.1782845250484,1846.7030147168127
2,5,5150,1496.407081553398,1644.198081553398
2,6,2137,1174.483940102948,1106.2547449695835
2,7,916,1198.1409279475984,571.0996288209607
2,8,936,1665.6572222222221,592.358920940171
2,9,899,2563.116941045606,1579.231001112347
2,10,578,1884.0971626297576,1562.6615051903113
2,11,447,3925.9337583892616,2040.6835794183446
2,12,422,2429.580213270142,2240.3084123222748
2,13,35,3613.542857142857,3868.2282857142854
2,14,372,60.23553763440861,121.8962365591398
2,15,3,2220.433333333333,103.33333333333333
2,16,9,171.81666666666666,92.4588888888889
2,17,70,83.87100000000001,130.31428571428572
2,18,4,94.425,1265.25
2,19,74,14.485945945945947,72.61540540540541
2,20,7,86.85714285714286,281.14285714285717
2,21,116,121.51258620689654,502.8103448275862
2,22,10,1021.0,795.242
2,23,14,1810.7900000000002,70.0
2,24,80,18.725625,15.365375
2,25,131,17.202900763358777,5.3893129770992365
2,26,72,41.80125,165.23611111111111
2,27,221,130.9814932126697,66.76923076923077
2,28,168,43.2535119047619,111.44047619047619
2,29,858,141.26048951048952,66.99264568764569
2,30,112,139.89464285714286,2.857142857142857
2,31,153,15.202222222222222,30.834640522875816
2,32,35,46.35,166.37142857142857
2,33,369,8.334769647696477,16.758807588075882
2,34,56,186.69,115.57089285714287
2,35,133,3.9866165413533836,117.41353383458646
2,36,18,338.3888888888889,132.13111111111112
2,37,42,126.91642857142857,223.0952380952381
2,38,267,34.31460674157304,116.09363295880149
2,39,193,95.70466321243524,105.05181347150258
2,40,16,812.3125,365.5625
2,41,14,891.2857142857143,69.28571428571429
2,42,42,1287.2380952380952,148.83333333333334
2,43,46,110.04347826086956,28.76347826086956
2,44,6,2501.3333333333335,62.166666666666664
2,45,83,437.0120481927711,49.87951807228916
2,46,31,1842.4670967741936,382.32645161290327
2,47,24,1034.25,291.625
2,48,140,356.3202142857143,118.65
2,49,110,345.6545454545454,108.5829090909091
2,50,367,196.77111716621255,99.07901907356948
2,51,136,225.0808823529412,115.55882352941177
2,52,734,48.91961852861036,107.43869209809264
2,53,18,2598.445555555556,505.22222222222223
2,54,427,151.40145199063232,3165.526932084309
2,55,22,1354.590909090909,207.1818181818182
2,56,6,1766.9133333333332,558.6666666666666
2,57,8,3125.18,441.75
3,1,43315,1723.2413302551079,2656.9343393743507
3,2,32000,2111.1653471875,2224.5034384375
3,3,24111,1905.9682916511135,1830.2649529260505
3,4,11037,1474.9362299537918,1387.4001957053547
3,5,4566,1390.4112636881296,1254.8327551467369
3,6,1902,850.38738170347,787.1441587802314
3,7,1318,986.3203641881639,519.5526707132019
3,8,1872,1603.865032051282,722.9273237179486
3,9,2286,1961.1287664041997,735.8133420822397
3,10,2292,2617.5184685863874,1080.7736343804538
3,11,808,1691.0223267326733,2981.0945668316836
3,12,871,2447.212732491389,955.1547416762343
3,13,54,4370.648148148148,4135.681111111111
3,14,23,2197.7934782608695,1961.391304347826
3,15,401,8.671321695760598,11.800498753117207
3,16,195,327.0205128205128,129.6051282051282
3,17,3,1748.3333333333333,1802.63
3,18,16,10.779375,45.754999999999995
3,19,7,68.28,41.0
3,20,21,19.285714285714285,52.42857142857143
3,21,3,80.66666666666667,350.3333333333333
3,22,2,119.0,5.5
3,23,1,53.0,150.0
3,24,3,15.333333333333334,3.0
3,25,126,36.51,100.0
3,26,12,1.0,202.74333333333334
3,27,5,31.2,147.28
3,28,2,116.0,5.5
3,29,130,348.5923076923077,56.0
3,30,2,71.45,16.2
3,31,1,4.0,0.01
3,32,4,2.25,37.75
3,33,3,133.0,4.333333333333333
3,34,11,88.20818181818181,73.54545454545455
3,35,2,165.5,5.5
3,36,131,7.313893129770992,230.75572519083968
3,37,4,226.25,1.75
3,38,10,46.8,192.73
3,39,5,300.0,2.0
3,40,6,269.1666666666667,251.66666666666666
3,41,8,232.5,52.5475
3,42,56,86.30357142857143,805.25
3,43,6,254.16666666666666,2.0
3,44,19,279.8421052631579,2.0
3,45,82,81.78487804878048,565.0
3,46,5,1003.0,925.4
3,47,5,1009.8,934.2
3,48,7,274.2857142857143,490.2857142857143
3,49,7,86.42857142857143,285.0
3,50,48,120.74958333333332,73.08333333333333
3,51,362,0.4110497237569061,70.90883977900552
3,52,57,852.140350877193,226.1578947368421
3,53,133,94.84706766917293,93.44338345864661
3,54,375,5281.837333333333,70.72266666666667
3,55,17,3291.9411764705883,868.1764705882352
3,56,15,3001.4666666666667,733.2666666666667
3,57,13,3462.230769230769,449.9230769230769
3,58,140,779.6785714285714,172.50878571428572
3,59,9,3335.8888888888887,127.33333333333333
3,60,120,243.9249166666667,242.96216666666666
3,61,9,564.7777777777778,507.0
3,62,131,81.14977099236641,220.1828244274809
3,63,48,232.03083333333333,259.9583333333333
3,64,781,25.9244814340589,32.28553137003841
3,65,50,3642.8066000000003,137.84
3,66,14,764.5878571428572,528.4285714285714
3,67,24,1369.75,314.375
3,68,889,4051.8638807649045,227.11923509561305
3,69,254,126.59055118110236,188.78346456692913
3,70,605,1643.3818181818183,124.8694214876033
3,71,326,652.6441717791411,99.83435582822086
3,72,441,5994.056689342404,249.2562358276644
3,73,1313,153.4874333587205,86.3947448591013
3,74,56,10.0,0.11
3,75,73,75.22191780821917,385.26027397260276
3,76,15,1338.4666666666667,482.93333333333334
3,77,2,5113.0,1479.5
4,1,36257,1808.573182557851,2761.0919902363685
4,2,29199,2206.7553279221893,2456.068050960649
4,3,29613,1962.9076530577786,1875.9595235200757
4,4,11319,1382.573019701387,1531.517313366905
4,5,6250,1371.01148,1405.2971472
4,6,2364,779.5874534686972,934.447986463621
4,7,2412,628.1232669983417,855.3245895522388
4,8,2071,1114.3969193626267,1335.323293095123
4,9,1727,1139.8970932252462,1745.5436826867399
4,10,1556,651.1374935732648,3029.589967866324
4,11,371,2606.020808625337,1366.0659568733154
4,12,186,920.3655913978495,4276.193494623656
4,13,85,544.25,756.4257647058823
4,14,69,18.855072463768117,94.6231884057971
4,15,143,119.93006993006993,200.5034965034965
4,16,11,245.8181818181818,220.72727272727272
4,17,13,261.53846153846155,196.53846153846155
4,18,370,23.12391891891892,68.04054054054055
4,19,2,276.0,252.5
4,20,4,190.0325,157.25
4,22,1,152.47,8.0
4,23,1,106.0,5.0
4,24,130,1.3615384615384616,3.253846153846154
4,25,3,110.33333333333333,117.31666666666666
4,26,6,1.0,41.833333333333336
4,28,13,1.3846153846153846,8.923076923076923
4,29,18,15.777777777777779,51.55555555555556
4,32,2,138.0,593.67
4,33,2,92.5,2502.5
4,34,2,109.5,2502.5
4,35,1,24.0,1.0
4,36,2,25.5,776.5
4,39,2,90.0,24.0
4,40,8,50.603750000000005,9.785
4,41,22,292.51272727272726,232.04545454545453
4,42,41,317.4878048780488,83.53682926829269
4,43,1,86.0,1.0
4,44,2,575.0,123.62
4,45,130,255.06923076923076,43.823076923076925
4,47,146,1.1027397260273972,252.08219178082192
4,48,2,147.5,2501.5
4,49,1,300.0,300.0
4,50,7,740.4285714285714,57.00714285714286
4,51,150,488.17333333333335,94.276
4,52,11,35.72727272727273,277.0
4,53,165,2.7818181818181817,221.2969696969697
4,54,261,216.02298850574712,2499.7662835249043
4,55,159,13.789622641509435,36.227106918238995
4,56,65,208.30769230769232,57.184615384615384
4,57,426,12.786384976525822,244.9718309859155
4,58,165,13.26060606060606,207.56454545454545
4,59,44,42.27272727272727,69.65090909090908
4,60,17,106.3529411764706,33.55470588235294
4,61,387,499.2041343669251,105.6938242894057
4,62,313,11.178913738019169,322.7150798722045
4,63,141,376.97163120567376,85.63120567375887
4,64,625,136.3568,291.6416
4,65,16,2.875,9.6875
4,66,3,4.0,535.3333333333334
4,67,4,18.75,18.25
4,68,131,1200.648854961832,291.1374045801527
4,69,44,1006.4545454545455,241.27272727272728
4,70,7,83.0,723.1428571428571
4,71,7,1439.2857142857142,1002.5714285714286
4,72,7,13.714285714285714,301.2857142857143
4,73,5,30.4,1854.8
4,74,11,1823.6545454545455,444.1818181818182
4,75,11,1382.0454545454545,42.27272727272727
4,76,8,633.74875,210.0
4,77,58,1046.211551724138,657.3620689655172
4,78,224,246.5070982142857,89.78214285714286
4,79,251,1176.498844621514,24.738844621513945
4,80,132,91.76507575757576,126.3340909090909
4,81,128,273.688125,220.51578125
4,82,431,229.94918793503481,245.4552204176334
4,83,167,30.71616766467066,118.26359281437126
4,84,3055,41.64034042553192,37.441309328968906
4,85,84,476.49369047619047,453.7142857142857
4,86,4,5000.0,96.0025
4,87,6,5000.0,2411.5
4,88,3,5016.666666666667,1785.6666666666667
4,90,1,5000.0,5544.0
4,91,12,1429.0833333333333,545.5833333333334
4,92,1,2730.0,259.0
4,93,1,10.0,31.0
4,95,1,5000.0,5260.0
4,96,124,337.9032258064516,82.4758064516129
4,97,5,5000.0,3259.2
5,1,35531,2156.648118825814,2503.1470099349863
5,2,29145,2571.915721393035,2709.876906845085
5,3,25165,2040.3211682892909,1575.1252592886945
5,4,12009,1301.3169947539345,1540.303262553085
5,5,6192,1421.692479005168,1396.9768297803616
5,6,3530,586.9600368271955,668.0510339943343
5,7,3071,699.9225529143602,795.9138749592965
5,8,3369,671.9686642920749,1289.1124191154645
5,9,2799,1055.7700071454092,1472.6962450875312
5,10,3175,2671.679143307086,824.7208440944883
5,11,1004,1962.8598306772908,2810.0083964143428
5,12,337,3530.3267062314544,1783.2166172106824
5,13,127,3253.5596850393704,3170.1789763779525
5,14,735,56.97224489795918,5.883809523809524
5,15,12,1466.6666666666667,351.5125
5,16,4,523.55,370.5125
5,17,5,281.4,44.6
5,18,2,760.0,850.0
5,19,1,4950.0,200.0
5,20,6,231.83333333333334,94.0
5,21,1,50.0,147.93
5,22,3,693.3333333333334,269.4733333333333
5,23,23,40.0,56.26086956521739
5,24,9,2.0,39.4
5,25,261,100.183908045977,21.318773946360153
5,26,3,174.0,105.0
5,27,22,112.85636363636364,148.6818181818182
5,28,6,87.0,55.666666666666664
5,29,49,15.489795918367347,22.80734693877551
5,30,79,9.391392405063291,17.443037974683545
5,31,77,8.337662337662337,12.853766233766233
5,32,169,5.1598224852071,15.29698224852071
5,33,144,6.847986111111111,8.620069444444445
5,34,87,4.48735632183908,8.102528735632184
5,35,50,24.226,18.1492
5,36,69,76.72463768115942,16.38231884057971
5,37,102,18.04901960784314,174.91549019607845
5,38,94,60.755319148936174,25.740212765957445
5,39,116,90.87931034482759,5.601465517241379
5,40,19,5.631578947368421,3.9578947368421056
5,41,59,89.59322033898304,9.169491525423728
5,42,187,4.759358288770054,3.254491978609626
5,43,51,3.843137254901961,20.92156862745098
5,44,196,925.1971428571429,44.061530612244894
5,45,13,25.26846153846154,4.7553846153846155
5,46,20,96.7,4.9
5,47,13,95.48307692307692,118.53846153846153
5,48,398,1419.0724623115577,37.49422110552764
5,49,3,93.66666666666667,5000.0
5,50,5,99.6,2202.6
5,51,1,5.0,242.0
5,52,2,160.5,2545.0
5,53,289,277.6159169550173,2213.536332179931
5,54,144,8.23611111111111,3.0625
5,55,135,257.74074074074076,5.011555555555555
5,56,5,203.4,206.0
5,57,8,129.5,1918.5875
5,58,3,151.33333333333334,3336.0
5,59,68,325.0,37.76470588235294
5,60,2,216.5,132.5
5,61,41,307.5365853658537,166.9868292682927
5,62,128,291.0,165.0
5,63,4,9.0,4.6425
5,64,499,5.673346693386773,7.579018036072144
5,65,138,44.68115942028985,56.19978260869565
5,66,51,249.39764705882354,24.743529411764708
5,67,374,270.0,311.2513368983957
5,69,1,10.0,9.0
5,70,1,6.0,52.0
5,71,7,5.0,16.0
5,72,1,1.0,9.0
5,73,9,10.666666666666666,3.928888888888889
5,74,11,429.27272727272725,20.817272727272726
5,75,8,4.625,637.875
5,76,6,899.0,7.0
5,77,14,818.7857142857143,2094.4264285714285
5,78,10,17.9,4975.0
5,79,24,241.20833333333334,4604.3550000000005
5,80,1,5142.0,5000.0
5,81,14,859.0,2265.5514285714285
5,86,1,0.1,18.95
5,89,2,220.0,69.0
5,90,6,57.333333333333336,129.0
5,91,1,313.34,1.0
5,92,5,198.46800000000002,1177.8
5,93,1,238.0,2520.0
5,94,132,1320.0,1500.0
5,95,34,438.2352941176471,44.705882352941174
5,98,910,247.54945054945054,98.40879120879121
6,1,46462,2012.3328003529764,2364.592511514786
6,2,36685,2479.1442175276,2548.766961155786
6,3,22036,2040.0148048647668,2091.163386730804
6,4,8494,1196.6682540616907,1518.8019743348248
6,5,4036,1209.3527576808722,1400.3684390485628
6,6,2515,600.2989741550696,850.9499562624255
6,7,1972,642.1139452332657,1181.1766430020284
6,8,2203,894.5618202451203,1508.0274035406264
6,9,2612,1269.8357733537518,1222.507492343032
6,10,2364,1610.5535406091371,1845.6927580372248
6,11,1851,2397.489854132901,2134.4873689897354
6,12,281,2990.037758007117,2039.431565836299
6,13,1034,279.2533849129594,279.76384912959384
6,14,34,116.2279411764706,37.00264705882353
6,15,126,131.74603174603175,27.459444444444443
6,16,29,479.37931034482756,188.1296551724138
6,17,22,240.22727272727272,56.63636363636363
6,18,7,60.142857142857146,71.51571428571428
6,19,396,18.126262626262626,40.85159090909091
6,20,15,171.262,214.64533333333333
6,21,20,269.35,263.861
6,22,68,289.4385294117647,195.5085294117647
6,23,117,167.80299145299145,112.18940170940171
6,24,122,159.0,91.78622950819673
6,25,106,266.3490566037736,90.9188679245283
6,26,3,32.0,85.24666666666666
6,27,369,299.1951219512195,88.06233062330624
6,28,12,101.91666666666667,40.0
6,29,358,88.68156424581005,5.407709497206704
6,30,17,5.529411764705882,2.4188235294117644
6,31,85,151.84176470588235,20.444470588235294
6,32,3,217.33333333333334,469.19666666666666
6,33,2,26.0,291.5
6,35,7,1.2142857142857142,5316.0
6,39,1,40.0,37.0
6,40,3,31.666666666666668,76.33333333333333
6,41,2,72.0,100.79
6,43,4,548.0,17.5425
6,44,360,694.0,46.58
6,46,83,34.69879518072289,94.81927710843374
6,47,17,40.88235294117647,336.5882352941176
6,48,64,0.378125,286.671875
6,49,794,0.7188916876574307,811.2921914357682
6,51,144,5.65,2.79
6,53,1,20.0,250.0
6,54,1,263.0,7.0
6,55,1,20.0,250.0
6,56,1,58.0,5000.0
6,57,4,101.25,2520.75
6,58,4,98.575,1253.535
6,59,5,81.4,4050.0
6,60,164,212.87048780487805,504.969512195122
6,61,16,136.0,335.125
6,62,6,160.83333333333334,844.6666666666666
6,63,52,222.19230769230768,828.0961538461538
6,64,9,149.63555555555556,2782.1111111111113
6,65,11,129.1818181818182,978.2727272727273
6,66,16,315.8125,3453.186875
6,67,194,171.59278350515464,804.7422680412371
6,68,140,246.45,505.59285714285716
6,69,11,396.6363636363636,2273.2727272727275
6,70,4,2612.75,3751.75
6,72,2,1814.5,2502.5
6,73,1,500.0,5500.0
6,78,5,29.2,2448.0
7,1,58339,2375.934104458424,2515.69256226538
7,2,35765,2085.36019152803,2340.3411295959736
7,3,21272,1954.3208226776983,1965.139006675442
7,4,7653,1275.0382947863584,1496.6166535998955
7,5,3315,948.5491523378582,1149.9484494720964
7,6,2484,511.39644524959743,753.1203502415459
7,7,2076,616.2277842003853,1048.638675337187
7,8,1333,917.6339159789948,1615.7135783945987
7,9,1024,1636.001923828125,3116.953603515625
7,10,649,929.6056702619413,3573.372419106318
7,11,214,1220.8200467289719,3609.5092990654207
7,12,71,1071.7454929577464,3972.5450704225354
7,13,37,4327.762162162163,4346.87945945946
7,14,364,22.27747252747253,103.92552197802198
7,15,6,120.33333333333333,49.80166666666667
7,16,6,1850.8333333333333,868.6833333333334
7,17,4,280.75,101.275
7,18,7,110.0,24.52857142857143
7,19,4,141.25,235.635
7,20,2,2502.5,2507.5
7,21,6,93.5,2.6733333333333333
7,22,10,1099.0,5000.0
7,23,3,401.0,525.6666666666666
7,25,5,1486.4,1049.9180000000001
7,27,2,57.5,24.285
7,28,1,25.0,20.0
7,29,7,4287.571428571428,11.222857142857142
7,31,2,145.0,43.78
7,32,1,156.0,240.0
7,33,1,278.0,208.0
7,35,4,126.25,21.0325
7,38,3,3.046666666666667,29.333333333333332
7,39,28,1161.8214285714287,95.78571428571429
7,40,73,102.08219178082192,85.01369863013699
7,41,128,1322.9765625,1.430234375
7,42,3,673.3333333333334,85.33333333333333
7,43,4,108.75,11.0
7,44,195,85.67179487179487,1940.179487179487
7,45,131,11.98473282442748,39.778625954198475
7,46,27,280.9259259259259,78.74037037037036
7,47,1,2.0,249.0
7,48,2,179.5,4650.0
7,49,20,286.4,39.5
7,50,1,2079.0,20.0
7,51,96,296.8958333333333,42.708333333333336
7,52,2,80.0,119.5
7,53,11,34.915454545454544,81.37818181818183
7,54,1,2000.0,1500.0
7,55,1,2.0,5000.0
7,56,3,145.33333333333334,3344.933333333333
7,57,1,38.0,5000.0
8,1,81769,2163.6060916728834,2335.39851276156
8,2,45402,1808.1222587110701,2289.061317563103
8,3,25597,1620.1075215845606,2005.1240957924756
8,4,9507,1187.7886083938151,1383.896775007889
8,5,4574,757.0604350677744,998.480695233931
8,6,3464,305.33090069284066,512.8381091224019
8,7,5057,603.7200257069409,858.5238006723355
8,8,4910,878.3095417515274,1550.82833401222
8,9,5419,2186.042255028603,2734.0083078058683
8,10,2901,1463.836480523957,2449.7277214753535
8,11,1139,1122.1655487269536,2412.4996400351183
8,12,268,2333.4067164179105,4360.226119402985
8,13,152,1416.6464473684211,1464.4144736842106
8,14,401,23.503740648379054,39.879077306733166
8,15,8,639.125,1054.875
8,16,4,1293.5,540.4025
8,17,69,14.115942028985508,31.499855072463767
8,18,4,1462.25,80.5
8,19,148,79.35135135135135,34.693851351351356
8,20,257,54.19455252918288,663.7937743190662
8,21,5,1061.2,1060.866
8,22,3,111.0,19.69666666666667
8,23,7,103.14285714285714,107.44714285714285
8,24,362,2.0386740331491713,12.29668508287293
8,25,6,24.666666666666668,280.4866666666667
8,26,8,26.5,22.25
8,27,1,28.0,72.0
8,28,130,168.66307692307691,11.069230769230769
8,30,4,39.75,27.75
8,31,4,80.25,579.0
8,32,83,1.2409638554216869,62.96313253012049
8,36,2,1.0,26.145
8,38,2,10.5,17.455
9,1,297292,2267.5087970749296,1773.9307973642076
9,2,151369,2249.6287089826847,2888.281995851198
9,3,65376,2144.9913572258934,3282.6887683553596
9,4,19401,2797.753624555435,3502.4380939126845
9,5,6668,992.5999475104979,2620.795725854829
9,6,8096,344.27288784584977,3072.213600543478
9,7,8040,1337.713434079602,2959.5146417910446
9,8,7122,734.2479078910418,3768.524559112609
9,9,2786,1486.622566403446,4337.113316582914
9,10,2291,951.8131820165867,3829.0711130510695
9,11,1293,406.829682907966,4947.535522041763
9,12,118,4874.932203389831,4878.539237288136
9,13,8,627.375,93.59
9,14,1,240.0,2.0
9,15,1,50.0,555.0
9,16,1,50.0,28.0
9,17,5,30.4,27.2
9,18,9,2.6666666666666665,71.76
